"bioclim","corr"
1,-0.605614189340373
2,0.386894113069447
3,-0.0543756877998204
4,0.138314481188189
5,-0.288449557176867
6,-0.525179138533087
7,0.245021422113273
8,-0.550247201584454
9,-0.46804794801542
10,-0.476891705235469
11,-0.503415641966847
12,-0.224953764396001
13,-0.218480717291006
14,-0.248260116732058
15,0.175548518786507
16,-0.213642510577857
17,-0.247244266819968
18,-0.102294404662862
19,-0.280683820147076
