"variety","corr"
"arabica",-0.0818696042765132
"robusta",0.0269277028550295
