"variety","corr"
"arabica",0.0418510826672897
"robusta",-0.163066134860493
