"variety","corr"
"arabica",0.158309412485415
"robusta",0.298944607850915
