"bioclim","corr"
1,0.183458330569564
2,0.049418426193298
3,-0.400838214487165
4,0.345223419445478
5,0.359821297581599
6,-0.112488999389165
7,0.304385360857316
8,-0.00847028417015938
9,0.264213251602989
10,0.416176321024975
11,-0.0963911311091386
12,-0.241399173226639
13,-0.155325367711024
14,-0.299385679830368
15,0.222218798235279
16,-0.181350371460573
17,-0.295380945756145
18,-0.318005344711832
19,-0.163676362564643
